<?xml version='1.0' encoding='utf-8'?>
<!DOCTYPE hibernate-configuration
    PUBLIC "-//Hibernate/Hibernate Configuration DTD//EN"
    "http://hibernate.sourceforge.net/hibernate-configuration-2.0.dtd">

<hibernate-configuration>

    <session-factory>

        <property name="hibernate.connection.driver_class">org.postgresql.Driver</property>
        <property name="hibernate.connection.url">jdbc:postgresql://localhost:5432/railwaydb</property>
		<property name="hibernate.connection.username">postgres</property>
		<property name="hibernate.connection.password">root</property>
        <property name="dialect">org.hibernate.dialect.PostgreSQL82Dialect</property>
		<property name="hbm2ddl.auto">update</property>
        <!-- Mapping files -->

    </session-factory>

</hibernate-configuration>