<?xml version="1.0"?>
<!DOCTYPE hibernate-mapping
    PUBLIC "-//Hibernate/Hibernate Mapping DTD//EN"
    "http://hibernate.sourceforge.net/hibernate-mapping-2.0.dtd">
	
<hibernate-mapping>
	<class name="Login" table="logindetail">
	
	<id name="id" type="number" unsaved-value="null">
		<column name="id" sql-type="INT" not-null="true"/>
		<generator class="uuid.hex" />
	</id>
	<property name="email">
		<column name="email" length="25" not-null="true"/>
	</property>
	<property name="password">
		<column name="password" length="25" not-null="true"/>
	</property>

</hibernate-mapping>