<?xml version="1.0" encoding="UTF-8" standalone="no"?>
<!--<data-dictionary name="RailwayReservation">
	<table name="passenger" alias="passengerdetail">
		<columns>
			<column name="id">
				<data-type>INT</data-type>
				<nullable>false</nullable>
				<uniquevalue-generation>
					<generator-name>passenger.id</generator-name>
				</uniquevalue-generation>
			</column>
			<column name="name" alias="passengerName">
				<data-type>CHAR</data-type>
				<max-size>50</max-size>
				<nullable>false</nullable>
			</column>
			<column name="dob" alias="dateOfBirth">
				<data-type>CHAR</data-type>
				<max-size>12</max-size>
				<nullable>false</nullable>
			</column>
			<column name="addId" alias="addressId">
				<data-type>INT</data-type>
				<nullable>false</nullable>
			</column>
			<column name="email">
				<data-type>CHAR</data-type>
				<max-size>20</max-size>
				<nullable>false</nullable>
			</column>
			<column name="loginId">
				<data-type>INT</data-type>
				<nullable>false</nullable>
			</column>
		</columns>
	</table>
	<table name="login" alias="logindetail">
		<columns>
			<column name="id">
				<data-type>INT</data-type>
				<nullable>false</nullable>
				<uniquevalue-generation>
					<generator-name>login.id</generator-name>
				</uniquevalue-generation>
			</column>
			
			<column name="userEmail" alias="email">
				<data-type>CHAR</data-type>
				<max-size>20</max-size>
				<nullable>false</nullable>
			</column>
			<column name="pass" alias="password">
				<data-type>CHAR</data-type>
				<max-size>12</max-size>
				<nullable>false</nullable>
			</column>
			
		</columns>
	</table>
	<table name="address" alias="addressdetail">
		<columns>
			<column name="id">
				<data-type>INT</data-type>
				<nullable>false</nullable>
				<uniquevalue-generation>
					<generator-name>address.id</generator-name>
				</uniquevalue-generation>
			</column>
			<column name="street">
				<data-type>CHAR</data-type>
				<max-size>20</max-size>
				<nullable>false</nullable>
			</column>
			<column name="city">
				<data-type>CHAR</data-type>
				<max-size>12</max-size>
				<nullable>false</nullable>
			</column>
			<column name="postalCode">
				<data-type>INT</data-type>
				<nullable>false</nullable>
			</column>
			
		</columns>
	</table>
	
	<table name="train" alias="traindetails">
		<columns>
			<column name="id">
				<data-type>INT</data-type>
				<nullable>false</nullable>
				<uniquevalue-generation>
					<generator-name>traindetails.id</generator-name>
				</uniquevalue-generation>
			</column>
			<column name="trainName">
				<data-type>CHAR</data-type>
				<max-size>20</max-size>
				<nullable>false</nullable>
			</column>
			
			<column name="trainNumber">
				<data-type>INT</data-type>
				<nullable>false</nullable>
			</column>
			<column name="noOfSeats">
				<data-type>INT</data-type>
				<nullable>false</nullable>
			</column>
			<column name="areas">
				<data-type>CHAR</data-type>
				<max-size>40</max-size>
				<nullable>false</nullable>
			</column>
			
		</columns>
	</table>
	<table name="booking" alias="bookingdetail">
		<columns>
			<column name="id">
				<data-type>INT</data-type>
				<nullable>false</nullable>
				<uniquevalue-generation>
					<generator-name>booking.id</generator-name>
				</uniquevalue-generation>
			</column>
			<column name="trainId">
				<data-type>INT</data-type>
				<nullable>false</nullable>
				
			</column>
			<column name="passengerId">
				<data-type>INT</data-type>
				<nullable>false</nullable>
				
			</column>
			<column name="pnr">
				<data-type>CHAR</data-type>
				<max-size>20</max-size>
				<nullable>false</nullable>
			</column>
			<column name="cost">
				<data-type>FLOAT</data-type>
				
				<nullable>false</nullable>
			</column>
			<column name="date">
				<data-type>CHAR</data-type>
				<max-size>12</max-size>
				<nullable>false</nullable>
			</column>
			<column name="startingPoint">
				<data-type>CHAR</data-type>
				<max-size>15</max-size>
				<nullable>false</nullable>
			</column>
			<column name="endingPoint">
				<data-type>CHAR</data-type>
				<max-size>15</max-size>
				<nullable>false</nullable>
			</column>
			<column name="bookingStatus">
				<data-type>CHAR</data-type>
				<max-size>15</max-size>
				<nullable>false</nullable>
			</column>
			<column name="startNo">
				<data-type>INT</data-type>
				<nullable>false</nullable>
			</column>
			<column name="endNo">
				<data-type>INT</data-type>
				<nullable>false</nullable>
			</column>
		</columns>
	</table>
	<table name="porttransferdata">
		<columns>
			<column name="id">
				<data-type>INT</data-type>
				<nullable>false</nullable>
				<uniquevalue-generation>
					<generator-name>porttransferdata.id</generator-name>
				</uniquevalue-generation>
			</column>
			<column name="operation">
				<data-type>CHAR</data-type>
				<max-size>25</max-size>
				<nullable>false</nullable>
			</column>
			
			<column name="portNo">
				<data-type>INT</data-type>
				<nullable>false</nullable>
			</column>
			
			<column name="parameters">
				<data-type>CHAR</data-type>
				<max-size>100</max-size>
				<nullable>false</nullable>
			</column>
			
		</columns>
	</table>

</data-dictionary>-->

<root>
	<table name="logindetail" alias="logindetail">
		<column name="id" alias="id"  />
		<column name="email" alias="email" type="String" length="40"/>
		<column name="password" alias="password" type="String" length="40"/>
	
	</table>
	<table name="addressdetail" alias="addressdetail">
		<column name="id" alias="id"/>
		<column name="street" alias="street" type="String" length="40"/>
		<column name="city" alias="city" type="String" length="40"/>
		<column name="postalCode" alias="postalCode" type="int"/>
	
	</table>
	<table name="passenger" alias="passengerdetail">
		<column name="id" alias="id" />
		<column name="passengerName" alias="passengerName" type="String" length="40"/>
		<column name="dateOfBirth" alias="dateOfBirth" type="String" length="12"/>
		<column name="email" alias="email" type="String" length="40"/>
		<column name="addressId" alias="addressId" type="int"/>
		<column name="loginId" alias="loginId" type="int"/>
	</table>
	<table name="traindetails" alias="traindetails">
		<column name="id" alias="id" />
		<column name="trainName" alias="trainName" type="String" length="40"/>		
		<column name="trainNumber" alias="trainNumber" type="int"/>
		<column name="noOfSeats" alias="noOfSeats" type="int"/>
		<column name="areas" alias="areas" type="String" length="100"/>
	</table>
	<table name="bookingdetail" alias="bookingdetail">
		<column name="id" alias="id"/>
		<column name="trainId" alias="trainId" type="int"/>		
		<column name="passengerId" alias="passengerId" type="int"/>
		<column name="pnr" alias="pnr" type="String" length="20"/>
		<column name="cost" alias="cost" type="float" />
		<column name="date" alias="date" type="String" length="12"/>
		<column name="startingPoint" alias="startingPoint" type="String" length="20"/>
		<column name="endingPoint" alias="endingPoint" type="String" length="20"/>
		<column name="bookingStatus" alias="bookingStatus" type="String" length="10"/>
		<column name="startNo" alias="startNo" type="int"/>
		<column name="endNo" alias="endNo" type="int"/>
	</table>
	<table name="porttransferdata" alias="porttransferdata">
		<column name="id" alias="id" />
		<column name="operation" alias="operation" type="String" length="40"/>		
		<column name="portNo" alias="portNo" type="int"/>
		<column name="parameters" alias="parameters" type="String" length="100"/>
	</table>
	
</root>
